{"cameraMode":{"drawMode":0,"name":"Shaded","section":"Shading Mode"},"sceneLighting":false,"audioPlay":false,"sceneViewState":{"showFog":true,"showMaterialUpdate":false,"showSkybox":false,"showFlares":true,"showImageEffects":true,"showParticleSystems":true},"in2DMode":false,"pivot":{"x":-7.990157127380371,"y":1.4515650272369385,"z":-13.358914375305176},"rotation":{"x":0.0671217292547226,"y":-0.9277496337890625,"z":0.3053836226463318,"w":0.20384997129440309},"size":29.51886558532715,"orthographic":false}